Series,Unnamed:_1,Unnamed:_2
2025 ALCS,2-0,"Seattle Mariners (90-72, AL) vs. Toronto Blue Jays (94-68, AL)"
2025 NLCS,2-0,"Los Angeles Dodgers (93-69, NL) vs. Milwaukee Brewers (97-65, NL)"
2025 ALDS1,3-1,"Toronto Blue Jays (94-68, AL) vs. New York Yankees* (94-68, AL)"
2025 ALDS2,3-2,"Seattle Mariners (90-72, AL) vs. Detroit Tigers* (87-75, AL)"
2025 NLDS1,3-2,"Milwaukee Brewers (97-65, NL) vs. Chicago Cubs* (92-70, NL)"
2025 NLDS2,3-1,"Los Angeles Dodgers (93-69, NL) vs. Philadelphia Phillies (96-66, NL)"
2025 ALWC1,2-1,"Detroit Tigers* (87-75, AL) vs. Cleveland Guardians (88-74, AL)"
2025 NLWC1,2-0,"Los Angeles Dodgers (93-69, NL) vs. Cincinnati Reds* (83-79, NL)"
2025 ALWC2,2-1,"New York Yankees* (94-68, AL) vs. Boston Red Sox* (89-73, AL)"
2025 NLWC2,2-1,"Chicago Cubs* (92-70, NL) vs. San Diego Padres* (90-72, NL)"
Series,,
2024 World Series,4-1,"Los Angeles Dodgers (98-64, NL) vs. New York Yankees (94-68, AL)"
2024 ALCS,4-1,"New York Yankees (94-68, AL) vs. Cleveland Guardians (92-69, AL)"
2024 NLCS,4-2,"Los Angeles Dodgers (98-64, NL) vs. New York Mets* (89-73, NL)"
2024 ALDS1,3-2,"Cleveland Guardians (92-69, AL) vs. Detroit Tigers* (86-76, AL)"
2024 ALDS2,3-1,"New York Yankees (94-68, AL) vs. Kansas City Royals* (86-76, AL)"
2024 NLDS1,3-1,"New York Mets* (89-73, NL) vs. Philadelphia Phillies (95-67, NL)"
2024 NLDS2,3-2,"Los Angeles Dodgers (98-64, NL) vs. San Diego Padres* (93-69, NL)"
2024 ALWC1,2-0,"Detroit Tigers* (86-76, AL) vs. Houston Astros (88-73, AL)"
2024 NLWC1,2-1,"New York Mets* (89-73, NL) vs. Milwaukee Brewers (93-69, NL)"
2024 ALWC2,2-0,"Kansas City Royals* (86-76, AL) vs. Baltimore Orioles* (91-71, AL)"
Series,,
2024 NLWC2,2-0,"San Diego Padres* (93-69, NL) vs. Atlanta Braves* (89-73, NL)"
2023 World Series,4-1,"Texas Rangers* (90-72, AL) vs. Arizona Diamondbacks* (84-78, NL)"
2023 ALCS,4-3,"Texas Rangers* (90-72, AL) vs. Houston Astros (90-72, AL)"
2023 NLCS,4-3,"Arizona Diamondbacks* (84-78, NL) vs. Philadelphia Phillies* (90-72, NL)"
2023 ALDS1,3-0,"Texas Rangers* (90-72, AL) vs. Baltimore Orioles (101-61, AL)"
2023 ALDS2,3-1,"Houston Astros (90-72, AL) vs. Minnesota Twins (87-75, AL)"
2023 NLDS1,3-1,"Philadelphia Phillies* (90-72, NL) vs. Atlanta Braves (104-58, NL)"
2023 NLDS2,3-0,"Arizona Diamondbacks* (84-78, NL) vs. Los Angeles Dodgers (100-62, NL)"
2023 ALWC1,2-0,"Texas Rangers* (90-72, AL) vs. Tampa Bay Rays* (99-63, AL)"
2023 NLWC1,2-0,"Arizona Diamondbacks* (84-78, NL) vs. Milwaukee Brewers (92-70, NL)"
Series,,
2023 ALWC2,2-0,"Minnesota Twins (87-75, AL) vs. Toronto Blue Jays* (89-73, AL)"
2023 NLWC2,2-0,"Philadelphia Phillies* (90-72, NL) vs. Miami Marlins* (84-78, NL)"
2022 World Series,4-2,"Houston Astros (106-56, AL) vs. Philadelphia Phillies* (87-75, NL)"
2022 ALCS,4-0,"Houston Astros (106-56, AL) vs. New York Yankees (99-63, AL)"
2022 NLCS,4-1,"Philadelphia Phillies* (87-75, NL) vs. San Diego Padres* (89-73, NL)"
2022 ALDS1,3-2,"New York Yankees (99-63, AL) vs. Cleveland Guardians (92-70, AL)"
2022 ALDS2,3-0,"Houston Astros (106-56, AL) vs. Seattle Mariners* (90-72, AL)"
2022 NLDS1,3-1,"Philadelphia Phillies* (87-75, NL) vs. Atlanta Braves (101-61, NL)"
2022 NLDS2,3-1,"San Diego Padres* (89-73, NL) vs. Los Angeles Dodgers (111-51, NL)"
2022 ALWC1,2-0,"Cleveland Guardians (92-70, AL) vs. Tampa Bay Rays* (86-76, AL)"
Series,,
2022 NLWC1,2-1,"San Diego Padres* (89-73, NL) vs. New York Mets* (101-61, NL)"
2022 ALWC2,2-0,"Seattle Mariners* (90-72, AL) vs. Toronto Blue Jays* (92-70, AL)"
2022 NLWC2,2-0,"Philadelphia Phillies* (87-75, NL) vs. St. Louis Cardinals (93-69, NL)"
2021 World Series,4-2,"Atlanta Braves (88-73, NL) vs. Houston Astros (95-67, AL)"
2021 ALCS,4-2,"Houston Astros (95-67, AL) vs. Boston Red Sox* (92-70, AL)"
2021 NLCS,4-2,"Atlanta Braves (88-73, NL) vs. Los Angeles Dodgers* (106-56, NL)"
2021 ALDS1,3-1,"Houston Astros (95-67, AL) vs. Chicago White Sox (93-69, AL)"
2021 ALDS2,3-1,"Boston Red Sox* (92-70, AL) vs. Tampa Bay Rays (100-62, AL)"
2021 NLDS1,3-1,"Atlanta Braves (88-73, NL) vs. Milwaukee Brewers (95-67, NL)"
2021 NLDS2,3-2,"Los Angeles Dodgers* (106-56, NL) vs. San Francisco Giants (107-55, NL)"
Series,,
2021 ALWC,1-0,"Boston Red Sox* (92-70, AL) vs. New York Yankees* (92-70, AL)"
2021 NLWC,1-0,"Los Angeles Dodgers* (106-56, NL) vs. St. Louis Cardinals* (90-72, NL)"
2020 World Series,4-2,"Los Angeles Dodgers (43-17, NL) vs. Tampa Bay Rays (40-20, AL)"
2020 ALCS,4-3,"Tampa Bay Rays (40-20, AL) vs. Houston Astros* (29-31, AL)"
2020 NLCS,4-3,"Los Angeles Dodgers (43-17, NL) vs. Atlanta Braves (35-25, NL)"
2020 ALDS1,3-2,"Tampa Bay Rays (40-20, AL) vs. New York Yankees* (33-27, AL)"
2020 ALDS2,3-1,"Houston Astros* (29-31, AL) vs. Oakland Athletics (36-24, AL)"
2020 NLDS1,3-0,"Los Angeles Dodgers (43-17, NL) vs. San Diego Padres* (37-23, NL)"
2020 NLDS2,3-0,"Atlanta Braves (35-25, NL) vs. Miami Marlins* (31-29, NL)"
2020 ALWC1,2-0,"Tampa Bay Rays (40-20, AL) vs. Toronto Blue Jays* (32-28, AL)"
Series,,
2020 NLWC1,2-0,"Los Angeles Dodgers (43-17, NL) vs. Milwaukee Brewers* (29-31, NL)"
2020 ALWC2,2-0,"New York Yankees* (33-27, AL) vs. Cleveland Indians* (35-25, AL)"
2020 NLWC2,2-1,"San Diego Padres* (37-23, NL) vs. St. Louis Cardinals* (30-28, NL)"
2020 ALWC3,2-0,"Houston Astros* (29-31, AL) vs. Minnesota Twins (36-24, AL)"
2020 NLWC3,2-0,"Miami Marlins* (31-29, NL) vs. Chicago Cubs (34-26, NL)"
2020 ALWC4,2-1,"Oakland Athletics (36-24, AL) vs. Chicago White Sox* (35-25, AL)"
2020 NLWC4,2-0,"Atlanta Braves (35-25, NL) vs. Cincinnati Reds* (31-29, NL)"
2019 World Series,4-3,"Washington Nationals* (93-69, NL) vs. Houston Astros (107-55, AL)"
2019 ALCS,4-2,"Houston Astros (107-55, AL) vs. New York Yankees (103-59, AL)"
2019 NLCS,4-0,"Washington Nationals* (93-69, NL) vs. St. Louis Cardinals (91-71, NL)"
Series,,
2019 ALDS1,3-2,"Houston Astros (107-55, AL) vs. Tampa Bay Rays* (96-66, AL)"
2019 ALDS2,3-0,"New York Yankees (103-59, AL) vs. Minnesota Twins (101-61, AL)"
2019 NLDS1,3-2,"Washington Nationals* (93-69, NL) vs. Los Angeles Dodgers (106-56, NL)"
2019 NLDS2,3-2,"St. Louis Cardinals (91-71, NL) vs. Atlanta Braves (97-65, NL)"
2019 ALWC,1-0,"Tampa Bay Rays* (96-66, AL) vs. Oakland Athletics* (97-65, AL)"
2019 NLWC,1-0,"Washington Nationals* (93-69, NL) vs. Milwaukee Brewers* (89-73, NL)"
2018 World Series,4-1,"Boston Red Sox (108-54, AL) vs. Los Angeles Dodgers (92-71, NL)"
2018 ALCS,4-1,"Boston Red Sox (108-54, AL) vs. Houston Astros (103-59, AL)"
2018 NLCS,4-3,"Los Angeles Dodgers (92-71, NL) vs. Milwaukee Brewers (96-67, NL)"
2018 ALDS1,3-1,"Boston Red Sox (108-54, AL) vs. New York Yankees* (100-62, AL)"
Series,,
2018 ALDS2,3-0,"Houston Astros (103-59, AL) vs. Cleveland Indians (91-71, AL)"
2018 NLDS1,3-0,"Milwaukee Brewers (96-67, NL) vs. Colorado Rockies* (91-72, NL)"
2018 NLDS2,3-1,"Los Angeles Dodgers (92-71, NL) vs. Atlanta Braves (90-72, NL)"
2018 ALWC,1-0,"New York Yankees* (100-62, AL) vs. Oakland Athletics* (97-65, AL)"
2018 NLWC,1-0,"Colorado Rockies* (91-72, NL) vs. Chicago Cubs* (95-68, NL)"
2017 World Series,4-3,"Houston Astros (101-61, AL) vs. Los Angeles Dodgers (104-58, NL)"
2017 ALCS,4-3,"Houston Astros (101-61, AL) vs. New York Yankees* (91-71, AL)"
2017 NLCS,4-1,"Los Angeles Dodgers (104-58, NL) vs. Chicago Cubs (92-70, NL)"
2017 ALDS1,3-2,"New York Yankees* (91-71, AL) vs. Cleveland Indians (102-60, AL)"
2017 ALDS2,3-1,"Houston Astros (101-61, AL) vs. Boston Red Sox (93-69, AL)"
Series,,
2017 NLDS1,3-0,"Los Angeles Dodgers (104-58, NL) vs. Arizona Diamondbacks* (93-69, NL)"
2017 NLDS2,3-2,"Chicago Cubs (92-70, NL) vs. Washington Nationals (97-65, NL)"
2017 ALWC,1-0,"New York Yankees* (91-71, AL) vs. Minnesota Twins* (85-77, AL)"
2017 NLWC,1-0,"Arizona Diamondbacks* (93-69, NL) vs. Colorado Rockies* (87-75, NL)"
2016 World Series,4-3,"Chicago Cubs (103-58, NL) vs. Cleveland Indians (94-67, AL)"
2016 ALCS,4-1,"Cleveland Indians (94-67, AL) vs. Toronto Blue Jays* (89-73, AL)"
2016 NLCS,4-2,"Chicago Cubs (103-58, NL) vs. Los Angeles Dodgers (91-71, NL)"
2016 ALDS1,3-0,"Toronto Blue Jays* (89-73, AL) vs. Texas Rangers (95-67, AL)"
2016 ALDS2,3-0,"Cleveland Indians (94-67, AL) vs. Boston Red Sox (93-69, AL)"
2016 NLDS1,3-1,"Chicago Cubs (103-58, NL) vs. San Francisco Giants* (87-75, NL)"
Series,,
2016 NLDS2,3-2,"Los Angeles Dodgers (91-71, NL) vs. Washington Nationals (95-67, NL)"
2016 ALWC,1-0,"Toronto Blue Jays* (89-73, AL) vs. Baltimore Orioles* (89-73, AL)"
2016 NLWC,1-0,"San Francisco Giants* (87-75, NL) vs. New York Mets* (87-75, NL)"
2015 World Series,4-1,"Kansas City Royals (95-67, AL) vs. New York Mets (90-72, NL)"
2015 ALCS,4-2,"Kansas City Royals (95-67, AL) vs. Toronto Blue Jays (93-69, AL)"
2015 NLCS,4-0,"New York Mets (90-72, NL) vs. Chicago Cubs* (97-65, NL)"
2015 ALDS1,3-2,"Kansas City Royals (95-67, AL) vs. Houston Astros* (86-76, AL)"
2015 ALDS2,3-2,"Toronto Blue Jays (93-69, AL) vs. Texas Rangers (88-74, AL)"
2015 NLDS1,3-1,"Chicago Cubs* (97-65, NL) vs. St. Louis Cardinals (100-62, NL)"
2015 NLDS2,3-2,"New York Mets (90-72, NL) vs. Los Angeles Dodgers (92-70, NL)"
Series,,
2015 ALWC,1-0,"Houston Astros* (86-76, AL) vs. New York Yankees* (87-75, AL)"
2015 NLWC,1-0,"Chicago Cubs* (97-65, NL) vs. Pittsburgh Pirates* (98-64, NL)"
2014 World Series,4-3,"San Francisco Giants* (88-74, NL) vs. Kansas City Royals* (89-73, AL)"
2014 ALCS,4-0,"Kansas City Royals* (89-73, AL) vs. Baltimore Orioles (96-66, AL)"
2014 NLCS,4-1,"San Francisco Giants* (88-74, NL) vs. St. Louis Cardinals (90-72, NL)"
2014 ALDS1,3-0,"Kansas City Royals* (89-73, AL) vs. Los Angeles Angels of Anaheim (98-64, AL)"
2014 ALDS2,3-0,"Baltimore Orioles (96-66, AL) vs. Detroit Tigers (90-72, AL)"
2014 NLDS1,3-1,"San Francisco Giants* (88-74, NL) vs. Washington Nationals (96-66, NL)"
2014 NLDS2,3-1,"St. Louis Cardinals (90-72, NL) vs. Los Angeles Dodgers (94-68, NL)"
2014 ALWC,1-0,"Kansas City Royals* (89-73, AL) vs. Oakland Athletics* (88-74, AL)"
Series,,
2014 NLWC,1-0,"San Francisco Giants* (88-74, NL) vs. Pittsburgh Pirates* (88-74, NL)"
2013 World Series,4-2,"Boston Red Sox (97-65, AL) vs. St. Louis Cardinals (97-65, NL)"
2013 ALCS,4-2,"Boston Red Sox (97-65, AL) vs. Detroit Tigers (93-69, AL)"
2013 NLCS,4-2,"St. Louis Cardinals (97-65, NL) vs. Los Angeles Dodgers (92-70, NL)"
2013 ALDS1,3-1,"Boston Red Sox (97-65, AL) vs. Tampa Bay Rays* (92-71, AL)"
2013 ALDS2,3-2,"Detroit Tigers (93-69, AL) vs. Oakland Athletics (96-66, AL)"
2013 NLDS1,3-2,"St. Louis Cardinals (97-65, NL) vs. Pittsburgh Pirates* (94-68, NL)"
2013 NLDS2,3-1,"Los Angeles Dodgers (92-70, NL) vs. Atlanta Braves (96-66, NL)"
2013 ALWC,1-0,"Tampa Bay Rays* (92-71, AL) vs. Cleveland Indians* (92-70, AL)"
2013 NLWC,1-0,"Pittsburgh Pirates* (94-68, NL) vs. Cincinnati Reds* (90-72, NL)"
Series,,
2012 World Series,4-0,"San Francisco Giants (94-68, NL) vs. Detroit Tigers (88-74, AL)"
2012 ALCS,4-0,"Detroit Tigers (88-74, AL) vs. New York Yankees (95-67, AL)"
2012 NLCS,4-3,"San Francisco Giants (94-68, NL) vs. St. Louis Cardinals* (88-74, NL)"
2012 ALDS1,3-2,"New York Yankees (95-67, AL) vs. Baltimore Orioles* (93-69, AL)"
2012 ALDS2,3-2,"Detroit Tigers (88-74, AL) vs. Oakland Athletics (94-68, AL)"
2012 NLDS1,3-2,"St. Louis Cardinals* (88-74, NL) vs. Washington Nationals (98-64, NL)"
2012 NLDS2,3-2,"San Francisco Giants (94-68, NL) vs. Cincinnati Reds (97-65, NL)"
2012 ALWC,1-0,"Baltimore Orioles* (93-69, AL) vs. Texas Rangers* (93-69, AL)"
2012 NLWC,1-0,"St. Louis Cardinals* (88-74, NL) vs. Atlanta Braves* (94-68, NL)"
2011 World Series,4-3,"St. Louis Cardinals* (90-72, NL) vs. Texas Rangers (96-66, AL)"
Series,,
2011 ALCS,4-2,"Texas Rangers (96-66, AL) vs. Detroit Tigers (95-67, AL)"
2011 NLCS,4-2,"St. Louis Cardinals* (90-72, NL) vs. Milwaukee Brewers (96-66, NL)"
2011 ALDS1,3-2,"Detroit Tigers (95-67, AL) vs. New York Yankees (97-65, AL)"
2011 ALDS2,3-1,"Texas Rangers (96-66, AL) vs. Tampa Bay Rays* (91-71, AL)"
2011 NLDS1,3-2,"St. Louis Cardinals* (90-72, NL) vs. Philadelphia Phillies (102-60, NL)"
2011 NLDS2,3-2,"Milwaukee Brewers (96-66, NL) vs. Arizona Diamondbacks (94-68, NL)"
2010 World Series,4-1,"San Francisco Giants (92-70, NL) vs. Texas Rangers (90-72, AL)"
2010 ALCS,4-2,"Texas Rangers (90-72, AL) vs. New York Yankees* (95-67, AL)"
2010 NLCS,4-2,"San Francisco Giants (92-70, NL) vs. Philadelphia Phillies (97-65, NL)"
2010 ALDS1,3-2,"Texas Rangers (90-72, AL) vs. Tampa Bay Rays (96-66, AL)"
Series,,
2010 ALDS2,3-0,"New York Yankees* (95-67, AL) vs. Minnesota Twins (94-68, AL)"
2010 NLDS1,3-0,"Philadelphia Phillies (97-65, NL) vs. Cincinnati Reds (91-71, NL)"
2010 NLDS2,3-1,"San Francisco Giants (92-70, NL) vs. Atlanta Braves* (91-71, NL)"
2009 World Series,4-2,"New York Yankees (103-59, AL) vs. Philadelphia Phillies (93-69, NL)"
2009 ALCS,4-2,"New York Yankees (103-59, AL) vs. Los Angeles Angels of Anaheim (97-65, AL)"
2009 NLCS,4-1,"Philadelphia Phillies (93-69, NL) vs. Los Angeles Dodgers (95-67, NL)"
2009 ALDS1,3-0,"New York Yankees (103-59, AL) vs. Minnesota Twins (87-76, AL)"
2009 ALDS2,3-0,"Los Angeles Angels of Anaheim (97-65, AL) vs. Boston Red Sox* (95-67, AL)"
2009 NLDS1,3-0,"Los Angeles Dodgers (95-67, NL) vs. St. Louis Cardinals (91-71, NL)"
2009 NLDS2,3-1,"Philadelphia Phillies (93-69, NL) vs. Colorado Rockies* (92-70, NL)"
Series,,
2008 World Series,4-1,"Philadelphia Phillies (92-70, NL) vs. Tampa Bay Rays (97-65, AL)"
2008 ALCS,4-3,"Tampa Bay Rays (97-65, AL) vs. Boston Red Sox* (95-67, AL)"
2008 NLCS,4-1,"Philadelphia Phillies (92-70, NL) vs. Los Angeles Dodgers (84-78, NL)"
2008 ALDS1,3-1,"Boston Red Sox* (95-67, AL) vs. Los Angeles Angels of Anaheim (100-62, AL)"
2008 ALDS2,3-1,"Tampa Bay Rays (97-65, AL) vs. Chicago White Sox (89-74, AL)"
2008 NLDS1,3-0,"Los Angeles Dodgers (84-78, NL) vs. Chicago Cubs (97-64, NL)"
2008 NLDS2,3-1,"Philadelphia Phillies (92-70, NL) vs. Milwaukee Brewers* (90-72, NL)"
2007 World Series,4-0,"Boston Red Sox (96-66, AL) vs. Colorado Rockies* (90-73, NL)"
2007 ALCS,4-3,"Boston Red Sox (96-66, AL) vs. Cleveland Indians (96-66, AL)"
2007 NLCS,4-0,"Colorado Rockies* (90-73, NL) vs. Arizona Diamondbacks (90-72, NL)"
Series,,
2007 ALDS1,3-0,"Boston Red Sox (96-66, AL) vs. Los Angeles Angels of Anaheim (94-68, AL)"
2007 ALDS2,3-1,"Cleveland Indians (96-66, AL) vs. New York Yankees* (94-68, AL)"
2007 NLDS1,3-0,"Arizona Diamondbacks (90-72, NL) vs. Chicago Cubs (85-77, NL)"
2007 NLDS2,3-0,"Colorado Rockies* (90-73, NL) vs. Philadelphia Phillies (89-73, NL)"
2006 World Series,4-1,"St. Louis Cardinals (83-78, NL) vs. Detroit Tigers* (95-67, AL)"
2006 ALCS,4-0,"Detroit Tigers* (95-67, AL) vs. Oakland Athletics (93-69, AL)"
2006 NLCS,4-3,"St. Louis Cardinals (83-78, NL) vs. New York Mets (97-65, NL)"
2006 ALDS1,3-1,"Detroit Tigers* (95-67, AL) vs. New York Yankees (97-65, AL)"
2006 ALDS2,3-0,"Oakland Athletics (93-69, AL) vs. Minnesota Twins (96-66, AL)"
2006 NLDS1,3-0,"New York Mets (97-65, NL) vs. Los Angeles Dodgers* (88-74, NL)"
Series,,
2006 NLDS2,3-1,"St. Louis Cardinals (83-78, NL) vs. San Diego Padres (88-74, NL)"
2005 World Series,4-0,"Chicago White Sox (99-63, AL) vs. Houston Astros* (89-73, NL)"
2005 ALCS,4-1,"Chicago White Sox (99-63, AL) vs. Los Angeles Angels of Anaheim (95-67, AL)"
2005 NLCS,4-2,"Houston Astros* (89-73, NL) vs. St. Louis Cardinals (100-62, NL)"
2005 ALDS1,3-0,"Chicago White Sox (99-63, AL) vs. Boston Red Sox* (95-67, AL)"
2005 ALDS2,3-2,"Los Angeles Angels of Anaheim (95-67, AL) vs. New York Yankees (95-67, AL)"
2005 NLDS1,3-0,"St. Louis Cardinals (100-62, NL) vs. San Diego Padres (82-80, NL)"
2005 NLDS2,3-1,"Houston Astros* (89-73, NL) vs. Atlanta Braves (90-72, NL)"
2004 World Series,4-0,"Boston Red Sox* (98-64, AL) vs. St. Louis Cardinals (105-57, NL)"
2004 ALCS,4-3,"Boston Red Sox* (98-64, AL) vs. New York Yankees (101-61, AL)"
Series,,
2004 NLCS,4-3,"St. Louis Cardinals (105-57, NL) vs. Houston Astros* (92-70, NL)"
2004 ALDS1,3-0,"Boston Red Sox* (98-64, AL) vs. Anaheim Angels (92-70, AL)"
2004 ALDS2,3-1,"New York Yankees (101-61, AL) vs. Minnesota Twins (92-70, AL)"
2004 NLDS1,3-1,"St. Louis Cardinals (105-57, NL) vs. Los Angeles Dodgers (93-69, NL)"
2004 NLDS2,3-2,"Houston Astros* (92-70, NL) vs. Atlanta Braves (96-66, NL)"
2003 World Series,4-2,"Florida Marlins* (91-71, NL) vs. New York Yankees (101-61, AL)"
2003 ALCS,4-3,"New York Yankees (101-61, AL) vs. Boston Red Sox* (95-67, AL)"
2003 NLCS,4-3,"Florida Marlins* (91-71, NL) vs. Chicago Cubs (88-74, NL)"
2003 ALDS1,3-1,"New York Yankees (101-61, AL) vs. Minnesota Twins (90-72, AL)"
2003 ALDS2,3-2,"Boston Red Sox* (95-67, AL) vs. Oakland Athletics (96-66, AL)"
Series,,
2003 NLDS1,3-1,"Florida Marlins* (91-71, NL) vs. San Francisco Giants (100-61, NL)"
2003 NLDS2,3-2,"Chicago Cubs (88-74, NL) vs. Atlanta Braves (101-61, NL)"
2002 World Series,4-3,"Anaheim Angels* (99-63, AL) vs. San Francisco Giants* (95-66, NL)"
2002 ALCS,4-1,"Anaheim Angels* (99-63, AL) vs. Minnesota Twins (94-67, AL)"
2002 NLCS,4-1,"San Francisco Giants* (95-66, NL) vs. St. Louis Cardinals (97-65, NL)"
2002 ALDS1,3-1,"Anaheim Angels* (99-63, AL) vs. New York Yankees (103-58, AL)"
2002 ALDS2,3-2,"Minnesota Twins (94-67, AL) vs. Oakland Athletics (103-59, AL)"
2002 NLDS1,3-2,"San Francisco Giants* (95-66, NL) vs. Atlanta Braves (101-59, NL)"
2002 NLDS2,3-0,"St. Louis Cardinals (97-65, NL) vs. Arizona Diamondbacks (98-64, NL)"
2001 World Series,4-3,"Arizona Diamondbacks (92-70, NL) vs. New York Yankees (95-65, AL)"
Series,,
2001 ALCS,4-1,"New York Yankees (95-65, AL) vs. Seattle Mariners (116-46, AL)"
2001 NLCS,4-1,"Arizona Diamondbacks (92-70, NL) vs. Atlanta Braves (88-74, NL)"
2001 ALDS1,3-2,"Seattle Mariners (116-46, AL) vs. Cleveland Indians (91-71, AL)"
2001 ALDS2,3-2,"New York Yankees (95-65, AL) vs. Oakland Athletics* (102-60, AL)"
2001 NLDS1,3-0,"Atlanta Braves (88-74, NL) vs. Houston Astros (93-69, NL)"
2001 NLDS2,3-2,"Arizona Diamondbacks (92-70, NL) vs. St. Louis Cardinals* (93-69, NL)"
2000 World Series,4-1,"New York Yankees (87-74, AL) vs. New York Mets* (94-68, NL)"
2000 ALCS,4-2,"New York Yankees (87-74, AL) vs. Seattle Mariners* (91-71, AL)"
2000 NLCS,4-1,"New York Mets* (94-68, NL) vs. St. Louis Cardinals (95-67, NL)"
2000 ALDS1,3-2,"New York Yankees (87-74, AL) vs. Oakland Athletics (91-70, AL)"
Series,,
2000 ALDS2,3-0,"Seattle Mariners* (91-71, AL) vs. Chicago White Sox (95-67, AL)"
2000 NLDS1,3-0,"St. Louis Cardinals (95-67, NL) vs. Atlanta Braves (95-67, NL)"
2000 NLDS2,3-1,"New York Mets* (94-68, NL) vs. San Francisco Giants (97-65, NL)"
1999 World Series,4-0,"New York Yankees (98-64, AL) vs. Atlanta Braves (103-59, NL)"
1999 ALCS,4-1,"New York Yankees (98-64, AL) vs. Boston Red Sox* (94-68, AL)"
1999 NLCS,4-2,"Atlanta Braves (103-59, NL) vs. New York Mets* (97-66, NL)"
1999 ALDS1,3-2,"Boston Red Sox* (94-68, AL) vs. Cleveland Indians (97-65, AL)"
1999 ALDS2,3-0,"New York Yankees (98-64, AL) vs. Texas Rangers (95-67, AL)"
1999 NLDS1,3-1,"Atlanta Braves (103-59, NL) vs. Houston Astros (97-65, NL)"
1999 NLDS2,3-1,"New York Mets* (97-66, NL) vs. Arizona Diamondbacks (100-62, NL)"
Series,,
1998 World Series,4-0,"New York Yankees (114-48, AL) vs. San Diego Padres (98-64, NL)"
1998 ALCS,4-2,"New York Yankees (114-48, AL) vs. Cleveland Indians (89-73, AL)"
1998 NLCS,4-2,"San Diego Padres (98-64, NL) vs. Atlanta Braves (106-56, NL)"
1998 ALDS1,3-1,"Cleveland Indians (89-73, AL) vs. Boston Red Sox* (92-70, AL)"
1998 ALDS2,3-0,"New York Yankees (114-48, AL) vs. Texas Rangers (88-74, AL)"
1998 NLDS1,3-0,"Atlanta Braves (106-56, NL) vs. Chicago Cubs* (90-73, NL)"
1998 NLDS2,3-1,"San Diego Padres (98-64, NL) vs. Houston Astros (102-60, NL)"
1997 World Series,4-3,"Florida Marlins* (92-70, NL) vs. Cleveland Indians (86-75, AL)"
1997 ALCS,4-2,"Cleveland Indians (86-75, AL) vs. Baltimore Orioles (98-64, AL)"
1997 NLCS,4-2,"Florida Marlins* (92-70, NL) vs. Atlanta Braves (101-61, NL)"
Series,,
1997 ALDS1,3-2,"Cleveland Indians (86-75, AL) vs. New York Yankees* (96-66, AL)"
1997 ALDS2,3-1,"Baltimore Orioles (98-64, AL) vs. Seattle Mariners (90-72, AL)"
1997 NLDS1,3-0,"Florida Marlins* (92-70, NL) vs. San Francisco Giants (90-72, NL)"
1997 NLDS2,3-0,"Atlanta Braves (101-61, NL) vs. Houston Astros (84-78, NL)"
1996 World Series,4-2,"New York Yankees (92-70, AL) vs. Atlanta Braves (96-66, NL)"
1996 ALCS,4-1,"New York Yankees (92-70, AL) vs. Baltimore Orioles* (88-74, AL)"
1996 NLCS,4-3,"Atlanta Braves (96-66, NL) vs. St. Louis Cardinals (88-74, NL)"
1996 ALDS1,3-1,"Baltimore Orioles* (88-74, AL) vs. Cleveland Indians (99-62, AL)"
1996 ALDS2,3-1,"New York Yankees (92-70, AL) vs. Texas Rangers (90-72, AL)"
1996 NLDS1,3-0,"Atlanta Braves (96-66, NL) vs. Los Angeles Dodgers* (90-72, NL)"
Series,,
1996 NLDS2,3-0,"St. Louis Cardinals (88-74, NL) vs. San Diego Padres (91-71, NL)"
1995 World Series,4-2,"Atlanta Braves (90-54, NL) vs. Cleveland Indians (100-44, AL)"
1995 ALCS,4-2,"Cleveland Indians (100-44, AL) vs. Seattle Mariners (79-66, AL)"
1995 NLCS,4-0,"Atlanta Braves (90-54, NL) vs. Cincinnati Reds (85-59, NL)"
1995 ALDS1,3-0,"Cleveland Indians (100-44, AL) vs. Boston Red Sox (86-58, AL)"
1995 ALDS2,3-2,"Seattle Mariners (79-66, AL) vs. New York Yankees* (79-65, AL)"
1995 NLDS1,3-1,"Atlanta Braves (90-54, NL) vs. Colorado Rockies* (77-67, NL)"
1995 NLDS2,3-0,"Cincinnati Reds (85-59, NL) vs. Los Angeles Dodgers (78-66, NL)"
1994,No Postseason played this year.,No Postseason played this year.
1993 World Series,4-2,"Toronto Blue Jays (95-67, AL) vs. Philadelphia Phillies (97-65, NL)"
Series,,
1993 ALCS,4-2,"Toronto Blue Jays (95-67, AL) vs. Chicago White Sox (94-68, AL)"
1993 NLCS,4-2,"Philadelphia Phillies (97-65, NL) vs. Atlanta Braves (104-58, NL)"
1992 World Series,4-2,"Toronto Blue Jays (96-66, AL) vs. Atlanta Braves (98-64, NL)"
1992 ALCS,4-2,"Toronto Blue Jays (96-66, AL) vs. Oakland Athletics (96-66, AL)"
1992 NLCS,4-3,"Atlanta Braves (98-64, NL) vs. Pittsburgh Pirates (96-66, NL)"
1991 World Series,4-3,"Minnesota Twins (95-67, AL) vs. Atlanta Braves (94-68, NL)"
1991 ALCS,4-1,"Minnesota Twins (95-67, AL) vs. Toronto Blue Jays (91-71, AL)"
1991 NLCS,4-3,"Atlanta Braves (94-68, NL) vs. Pittsburgh Pirates (98-64, NL)"
1990 World Series,4-0,"Cincinnati Reds (91-71, NL) vs. Oakland Athletics (103-59, AL)"
1990 ALCS,4-0,"Oakland Athletics (103-59, AL) vs. Boston Red Sox (88-74, AL)"
Series,,
1990 NLCS,4-2,"Cincinnati Reds (91-71, NL) vs. Pittsburgh Pirates (95-67, NL)"
1989 World Series,4-0,"Oakland Athletics (99-63, AL) vs. San Francisco Giants (92-70, NL)"
1989 ALCS,4-1,"Oakland Athletics (99-63, AL) vs. Toronto Blue Jays (89-73, AL)"
1989 NLCS,4-1,"San Francisco Giants (92-70, NL) vs. Chicago Cubs (93-69, NL)"
1988 World Series,4-1,"Los Angeles Dodgers (94-67, NL) vs. Oakland Athletics (104-58, AL)"
1988 ALCS,4-0,"Oakland Athletics (104-58, AL) vs. Boston Red Sox (89-73, AL)"
1988 NLCS,4-3,"Los Angeles Dodgers (94-67, NL) vs. New York Mets (100-60, NL)"
1987 World Series,4-3,"Minnesota Twins (85-77, AL) vs. St. Louis Cardinals (95-67, NL)"
1987 ALCS,4-1,"Minnesota Twins (85-77, AL) vs. Detroit Tigers (98-64, AL)"
1987 NLCS,4-3,"St. Louis Cardinals (95-67, NL) vs. San Francisco Giants (90-72, NL)"
Series,,
1986 World Series,4-3,"New York Mets (108-54, NL) vs. Boston Red Sox (95-66, AL)"
1986 ALCS,4-3,"Boston Red Sox (95-66, AL) vs. California Angels (92-70, AL)"
1986 NLCS,4-2,"New York Mets (108-54, NL) vs. Houston Astros (96-66, NL)"
1985 World Series,4-3,"Kansas City Royals (91-71, AL) vs. St. Louis Cardinals (101-61, NL)"
1985 ALCS,4-3,"Kansas City Royals (91-71, AL) vs. Toronto Blue Jays (99-62, AL)"
1985 NLCS,4-2,"St. Louis Cardinals (101-61, NL) vs. Los Angeles Dodgers (95-67, NL)"
1984 World Series,4-1,"Detroit Tigers (104-58, AL) vs. San Diego Padres (92-70, NL)"
1984 ALCS,3-0,"Detroit Tigers (104-58, AL) vs. Kansas City Royals (84-78, AL)"
1984 NLCS,3-2,"San Diego Padres (92-70, NL) vs. Chicago Cubs (96-65, NL)"
1983 World Series,4-1,"Baltimore Orioles (98-64, AL) vs. Philadelphia Phillies (90-72, NL)"
Series,,
1983 ALCS,3-1,"Baltimore Orioles (98-64, AL) vs. Chicago White Sox (99-63, AL)"
1983 NLCS,3-1,"Philadelphia Phillies (90-72, NL) vs. Los Angeles Dodgers (91-71, NL)"
1982 World Series,4-3,"St. Louis Cardinals (92-70, NL) vs. Milwaukee Brewers (95-67, AL)"
1982 ALCS,3-2,"Milwaukee Brewers (95-67, AL) vs. California Angels (93-69, AL)"
1982 NLCS,3-0,"St. Louis Cardinals (92-70, NL) vs. Atlanta Braves (89-73, NL)"
1981 World Series,4-2,"Los Angeles Dodgers (63-47, NL) vs. New York Yankees (59-48, AL)"
1981 ALCS,3-0,"New York Yankees (59-48, AL) vs. Oakland Athletics (64-45, AL)"
1981 NLCS,3-2,"Los Angeles Dodgers (63-47, NL) vs. Montreal Expos (60-48, NL)"
1981 AEDIV,3-2,"New York Yankees (59-48, AL) vs. Milwaukee Brewers (62-47, AL)"
1981 AWDIV,3-0,"Oakland Athletics (64-45, AL) vs. Kansas City Royals (50-53, AL)"
Series,,
1981 NEDIV,3-2,"Montreal Expos (60-48, NL) vs. Philadelphia Phillies (59-48, NL)"
1981 NWDIV,3-2,"Los Angeles Dodgers (63-47, NL) vs. Houston Astros (61-49, NL)"
1980 World Series,4-2,"Philadelphia Phillies (91-71, NL) vs. Kansas City Royals (97-65, AL)"
1980 ALCS,3-0,"Kansas City Royals (97-65, AL) vs. New York Yankees (103-59, AL)"
1980 NLCS,3-2,"Philadelphia Phillies (91-71, NL) vs. Houston Astros (93-70, NL)"
1979 World Series,4-3,"Pittsburgh Pirates (98-64, NL) vs. Baltimore Orioles (102-57, AL)"
1979 ALCS,3-1,"Baltimore Orioles (102-57, AL) vs. California Angels (88-74, AL)"
1979 NLCS,3-0,"Pittsburgh Pirates (98-64, NL) vs. Cincinnati Reds (90-71, NL)"
1978 World Series,4-2,"New York Yankees (100-63, AL) vs. Los Angeles Dodgers (95-67, NL)"
1978 ALCS,3-1,"New York Yankees (100-63, AL) vs. Kansas City Royals (92-70, AL)"
Series,,
1978 NLCS,3-1,"Los Angeles Dodgers (95-67, NL) vs. Philadelphia Phillies (90-72, NL)"
1977 World Series,4-2,"New York Yankees (100-62, AL) vs. Los Angeles Dodgers (98-64, NL)"
1977 ALCS,3-2,"New York Yankees (100-62, AL) vs. Kansas City Royals (102-60, AL)"
1977 NLCS,3-1,"Los Angeles Dodgers (98-64, NL) vs. Philadelphia Phillies (101-61, NL)"
1976 World Series,4-0,"Cincinnati Reds (102-60, NL) vs. New York Yankees (97-62, AL)"
1976 ALCS,3-2,"New York Yankees (97-62, AL) vs. Kansas City Royals (90-72, AL)"
1976 NLCS,3-0,"Cincinnati Reds (102-60, NL) vs. Philadelphia Phillies (101-61, NL)"
1975 World Series,4-3,"Cincinnati Reds (108-54, NL) vs. Boston Red Sox (95-65, AL)"
1975 ALCS,3-0,"Boston Red Sox (95-65, AL) vs. Oakland Athletics (98-64, AL)"
1975 NLCS,3-0,"Cincinnati Reds (108-54, NL) vs. Pittsburgh Pirates (92-69, NL)"
Series,,
1974 World Series,4-1,"Oakland Athletics (90-72, AL) vs. Los Angeles Dodgers (102-60, NL)"
1974 ALCS,3-1,"Oakland Athletics (90-72, AL) vs. Baltimore Orioles (91-71, AL)"
1974 NLCS,3-1,"Los Angeles Dodgers (102-60, NL) vs. Pittsburgh Pirates (88-74, NL)"
1973 World Series,4-3,"Oakland Athletics (94-68, AL) vs. New York Mets (82-79, NL)"
1973 ALCS,3-2,"Oakland Athletics (94-68, AL) vs. Baltimore Orioles (97-65, AL)"
1973 NLCS,3-2,"New York Mets (82-79, NL) vs. Cincinnati Reds (99-63, NL)"
1972 World Series,4-3,"Oakland Athletics (93-62, AL) vs. Cincinnati Reds (95-59, NL)"
1972 ALCS,3-2,"Oakland Athletics (93-62, AL) vs. Detroit Tigers (86-70, AL)"
1972 NLCS,3-2,"Cincinnati Reds (95-59, NL) vs. Pittsburgh Pirates (96-59, NL)"
1971 World Series,4-3,"Pittsburgh Pirates (97-65, NL) vs. Baltimore Orioles (101-57, AL)"
Series,,
1971 ALCS,3-0,"Baltimore Orioles (101-57, AL) vs. Oakland Athletics (101-60, AL)"
1971 NLCS,3-1,"Pittsburgh Pirates (97-65, NL) vs. San Francisco Giants (90-72, NL)"
1970 World Series,4-1,"Baltimore Orioles (108-54, AL) vs. Cincinnati Reds (102-60, NL)"
1970 ALCS,3-0,"Baltimore Orioles (108-54, AL) vs. Minnesota Twins (98-64, AL)"
1970 NLCS,3-0,"Cincinnati Reds (102-60, NL) vs. Pittsburgh Pirates (89-73, NL)"
1969 World Series,4-1,"New York Mets (100-62, NL) vs. Baltimore Orioles (109-53, AL)"
1969 ALCS,3-0,"Baltimore Orioles (109-53, AL) vs. Minnesota Twins (97-65, AL)"
1969 NLCS,3-0,"New York Mets (100-62, NL) vs. Atlanta Braves (93-69, NL)"
1968 World Series,4-3,"Detroit Tigers (103-59, AL) vs. St. Louis Cardinals (97-65, NL)"
1967 World Series,4-3,"St. Louis Cardinals (101-60, NL) vs. Boston Red Sox (92-70, AL)"
Series,,
1966 World Series,4-0,"Baltimore Orioles (97-63, AL) vs. Los Angeles Dodgers (95-67, NL)"
1965 World Series,4-3,"Los Angeles Dodgers (97-65, NL) vs. Minnesota Twins (102-60, AL)"
1964 World Series,4-3,"St. Louis Cardinals (93-69, NL) vs. New York Yankees (99-63, AL)"
1963 World Series,4-0,"Los Angeles Dodgers (99-63, NL) vs. New York Yankees (104-57, AL)"
1962 World Series,4-3,"New York Yankees (96-66, AL) vs. San Francisco Giants (103-62, NL)"
1961 World Series,4-1,"New York Yankees (109-53, AL) vs. Cincinnati Reds (93-61, NL)"
1960 World Series,4-3,"Pittsburgh Pirates (95-59, NL) vs. New York Yankees (97-57, AL)"
1959 World Series,4-2,"Los Angeles Dodgers (88-68, NL) vs. Chicago White Sox (94-60, AL)"
1958 World Series,4-3,"New York Yankees (92-62, AL) vs. Milwaukee Braves (92-62, NL)"
1957 World Series,4-3,"Milwaukee Braves (95-59, NL) vs. New York Yankees (98-56, AL)"
Series,,
1956 World Series,4-3,"New York Yankees (97-57, AL) vs. Brooklyn Dodgers (93-61, NL)"
1955 World Series,4-3,"Brooklyn Dodgers (98-55, NL) vs. New York Yankees (96-58, AL)"
1954 World Series,4-0,"New York Giants (97-57, NL) vs. Cleveland Indians (111-43, AL)"
1953 World Series,4-2,"New York Yankees (99-52, AL) vs. Brooklyn Dodgers (105-49, NL)"
1952 World Series,4-3,"New York Yankees (95-59, AL) vs. Brooklyn Dodgers (96-57, NL)"
1951 World Series,4-2,"New York Yankees (98-56, AL) vs. New York Giants (98-59, NL)"
1950 World Series,4-0,"New York Yankees (98-56, AL) vs. Philadelphia Phillies (91-63, NL)"
1949 World Series,4-1,"New York Yankees (97-57, AL) vs. Brooklyn Dodgers (97-57, NL)"
1948 World Series,4-2,"Cleveland Indians (97-58, AL) vs. Boston Braves (91-62, NL)"
1948 World Series,4-1,"Homestead Grays (42-24, NN2) vs. Birmingham Black Barons (63-28, NAL)"
Series,,
1948 ALC,4-3-1,"Birmingham Black Barons (63-28, NAL) vs. Kansas City Monarchs (67-34, NAL)"
1948 NLC,2-1-1,"Homestead Grays (42-24, NN2) vs. Baltimore Elite Giants (49-29, NN2)"
1947 World Series,4-3,"New York Yankees (97-57, AL) vs. Brooklyn Dodgers (94-60, NL)"
1947 World Series,4-1-1,"New York Cubans (47-20, NN2) vs. Cleveland Buckeyes (57-19, NAL)"
1946 World Series,4-3,"St. Louis Cardinals (98-58, NL) vs. Boston Red Sox (104-50, AL)"
1946 World Series,4-3,"Newark Eagles (50-22, NN2) vs. Kansas City Monarchs (60-19, NAL)"
1945 World Series,4-3,"Detroit Tigers (88-65, AL) vs. Chicago Cubs (98-56, NL)"
1945 World Series,4-0,"Cleveland Buckeyes (63-17, NAL) vs. Homestead Grays (41-21, NN2)"
1944 World Series,4-2,"St. Louis Cardinals (105-49, NL) vs. St. Louis Browns (89-65, AL)"
1944 World Series,4-1,"Homestead Grays (48-24, NN2) vs. Birmingham Black Barons (47-22, NAL)"
Series,,
1943 World Series,4-1,"New York Yankees (98-56, AL) vs. St. Louis Cardinals (105-49, NL)"
1943 World Series,4-3-1,"Homestead Grays (53-14, NN2) vs. Birmingham Black Barons (45-35, NAL)"
1943 ALC,3-2,"Birmingham Black Barons (45-35, NAL) vs. Chicago American Giants (37-33, NAL)"
1942 World Series,4-1,"St. Louis Cardinals (106-48, NL) vs. New York Yankees (103-51, AL)"
1942 World Series,4-0,"Kansas City Monarchs (27-12, NAL) vs. Homestead Grays (47-19, NN2)"
1941 World Series,4-1,"New York Yankees (101-53, AL) vs. Brooklyn Dodgers (100-54, NL)"
1940 World Series,4-3,"Cincinnati Reds (100-53, NL) vs. Detroit Tigers (90-64, AL)"
1939 World Series,4-0,"New York Yankees (106-45, AL) vs. Cincinnati Reds (97-57, NL)"
1939 ALC,4-1,"Kansas City Monarchs (46-25, NAL) vs. St. Louis Stars (15-20, NAL)"
1939 NLC,3-1-1,"Baltimore Elite Giants (21-23, NN2) vs. Homestead Grays (36-19, NN2)"
Series,,
1939 NLP1,3-1,"Baltimore Elite Giants (21-23, NN2) vs. Newark Eagles (32-23, NN2)"
1939 NLP2,3-2,"Homestead Grays (36-19, NN2) vs. Philadelphia Stars (24-29, NN2)"
1938 World Series,4-0,"New York Yankees (99-53, AL) vs. Chicago Cubs (89-63, NL)"
1938 ALC,2-0,"Memphis Red Sox (39-24, NAL) vs. Atlanta Black Crackers (32-31, NAL)"
1937 World Series,4-1,"New York Yankees (102-52, AL) vs. New York Giants (95-57, NL)"
1937 ALC,5-1-1,"Kansas City Monarchs (52-19, NAL) vs. Chicago American Giants (36-24, NAL)"
1936 World Series,4-2,"New York Yankees (102-51, AL) vs. New York Giants (92-62, NL)"
1935 World Series,4-2,"Detroit Tigers (93-58, AL) vs. Chicago Cubs (100-54, NL)"
1935 NLC,4-3,"Pittsburgh Crawfords (51-27, NN2) vs. New York Cubans (31-25, NN2)"
1934 World Series,4-3,"St. Louis Cardinals (95-58, NL) vs. Detroit Tigers (101-53, AL)"
Series,,
1934 NLC,4-3-1,"Philadelphia Stars (39-18, NN2) vs. Chicago American Giants (28-20, NN2)"
1933 World Series,4-1,"New York Giants (91-61, NL) vs. Washington Nationals (99-53, AL)"
1932 World Series,4-0,"New York Yankees (107-47, AL) vs. Chicago Cubs (90-64, NL)"
1932 NSC,4-3,"Chicago American Giants (34-12, NSL) vs. Nashville Elite Giants (24-23, NSL)"
1931 World Series,4-3,"St. Louis Cardinals (101-53, NL) vs. Philadelphia Athletics (107-45, AL)"
1930 World Series,4-2,"Philadelphia Athletics (102-52, AL) vs. St. Louis Cardinals (92-62, NL)"
1930 NNC,4-3,"St. Louis Stars (69-25, NNL) vs. Detroit Stars (52-37, NNL)"
1929 World Series,4-1,"Philadelphia Athletics (104-46, AL) vs. Chicago Cubs (98-54, NL)"
1928 World Series,4-0,"New York Yankees (101-53, AL) vs. St. Louis Cardinals (95-59, NL)"
1928 NNC,5-4,"St. Louis Stars (63-26, NNL) vs. Chicago American Giants (55-38, NNL)"
Series,,
1927 World Series,4-0,"New York Yankees (110-44, AL) vs. Pittsburgh Pirates (94-60, NL)"
1927 World Series,5-3-1,"Chicago American Giants (61-32, NNL) vs. Atlantic City Bacharach Giants (55-35, ECL)"
1927 NNC,4-1,"Chicago American Giants (61-32, NNL) vs. Birmingham Black Barons (53-44, NNL)"
1926 World Series,4-3,"St. Louis Cardinals (89-65, NL) vs. New York Yankees (91-63, AL)"
1926 World Series,5-4-2,"Chicago American Giants (57-24, NNL) vs. Atlantic City Bacharach Giants (43-28, ECL)"
1926 NNC,5-4,"Chicago American Giants (57-24, NNL) vs. Kansas City Monarchs (60-22, NNL)"
1925 World Series,4-3,"Pittsburgh Pirates (95-58, NL) vs. Washington Nationals (96-55, AL)"
1925 World Series,5-1,"Hilldale Club (53-18, ECL) vs. Kansas City Monarchs (59-23, NNL)"
1925 NNC,4-3,"Kansas City Monarchs (59-23, NNL) vs. St. Louis Stars (59-30, NNL)"
1924 World Series,4-3,"Washington Nationals (92-62, AL) vs. New York Giants (93-60, NL)"
Series,,
1924 World Series,5-4-1,"Kansas City Monarchs (57-22, NNL) vs. Hilldale Club (47-26, ECL)"
1923 World Series,4-2,"New York Yankees (98-54, AL) vs. New York Giants (95-58, NL)"
1922 World Series,4-0-1,"New York Giants (93-61, NL) vs. New York Yankees (94-60, AL)"
1921 World Series,5-3,"New York Giants (94-59, NL) vs. New York Yankees (98-55, AL)"
1920 World Series,5-2,"Cleveland Indians (98-56, AL) vs. Brooklyn Robins (93-61, NL)"
1919 World Series,5-3,"Cincinnati Reds (96-44, NL) vs. Chicago White Sox (88-52, AL)"
1918 World Series,4-2,"Boston Red Sox (75-51, AL) vs. Chicago Cubs (84-45, NL)"
1917 World Series,4-2,"Chicago White Sox (100-54, AL) vs. New York Giants (98-56, NL)"
1916 World Series,4-1,"Boston Red Sox (91-63, AL) vs. Brooklyn Robins (94-60, NL)"
1915 World Series,4-1,"Boston Red Sox (101-50, AL) vs. Philadelphia Phillies (90-62, NL)"
Series,,
1914 World Series,4-0,"Boston Braves (94-59, NL) vs. Philadelphia Athletics (99-53, AL)"
1913 World Series,4-1,"Philadelphia Athletics (96-57, AL) vs. New York Giants (101-51, NL)"
1912 World Series,4-3-1,"Boston Red Sox (105-47, AL) vs. New York Giants (103-48, NL)"
1911 World Series,4-2,"Philadelphia Athletics (101-50, AL) vs. New York Giants (99-54, NL)"
1910 World Series,4-1,"Philadelphia Athletics (102-48, AL) vs. Chicago Cubs (104-50, NL)"
1909 World Series,4-3,"Pittsburgh Pirates (110-42, NL) vs. Detroit Tigers (98-54, AL)"
1908 World Series,4-1,"Chicago Cubs (99-55, NL) vs. Detroit Tigers (90-63, AL)"
1907 World Series,4-0-1,"Chicago Cubs (107-45, NL) vs. Detroit Tigers (92-58, AL)"
1906 World Series,4-2,"Chicago White Sox (93-58, AL) vs. Chicago Cubs (116-36, NL)"
1905 World Series,4-1,"New York Giants (105-48, NL) vs. Philadelphia Athletics (92-56, AL)"
Series,,
1904,No Postseason played this year.,No Postseason played this year.
1903 World Series,5-3,"Boston Americans (91-47, AL) vs. Pittsburgh Pirates (91-49, NL)"
,19th century championships were from before the incarnation of the modern AL/NL World Series.,19th century championships were from before the incarnation of the modern AL/NL World Series.
1892 World Series,5-0-1,"Boston (102-48, NL) vs. Cleveland Spiders (93-56, NL)"
1890 World Series,3-3-1,"Brooklyn Bridegrooms (86-43, NL) vs. Louisville Colonels (88-44, AA)"
1889 World Series,6-3,"New York Giants (83-43, NL) vs. Brooklyn Bridegrooms (93-44, AA)"
1888 World Series,6-4,"New York Giants (84-47, NL) vs. St. Louis Browns (92-43, AA)"
1887 World Series,10-5,"Detroit Wolverines (79-45, NL) vs. St. Louis Browns (95-40, AA)"
1886 World Series,4-2,"St. Louis Browns (93-46, AA) vs. Chicago White Stockings (90-34, NL)"
1885 World Series,3-3-1,"Chicago White Stockings (87-25, NL) vs. St. Louis Browns (79-33, AA)"
Series,,
1884 World Series,3-0,"Providence Grays (84-28, NL) vs. New York Metropolitans (75-32, AA)"
Future,,
2029,2029 World Series / 2029 ALCS / 2029 NLCS,2029 World Series / 2029 ALCS / 2029 NLCS
2028,2028 World Series / 2028 ALCS / 2028 NLCS,2028 World Series / 2028 ALCS / 2028 NLCS
2027,2027 World Series / 2027 ALCS / 2027 NLCS,2027 World Series / 2027 ALCS / 2027 NLCS
2026,2026 World Series / 2026 ALCS / 2026 NLCS,2026 World Series / 2026 ALCS / 2026 NLCS
